INSERT INTO USUARIO(nick,nome,genero,idade) VALUES ('Diow Mizuk', 'Jhon Stones', 1 , 19), ('Riku Sennin','Paul Scholes', 1,32), ('Mares','Andrea Leman', 2,25), ('Paralyzer', 'Thiago Almeida', 1,23), ('YoukatsuReyna','Augusto Greyrat',1,20), ('Mythow1','Wallace Aceto',1,35), ('Slytherinz','André Jordan',1,27), ('Portellas','Brenda Portellas', 2 , 16), ('Lett','Leticia White', 2 ,18),('TheYatogami','Souma Yatoshi',1,22);
INSERT INTO CLUBES(ID,nome,descricao) VALUES(1, 'Brasil animes','Clube para usuários que queiram conhecer e interagir outros usuários brasileiros'),(2,'Isekai Lovers','Clube para usuários que gostam de assistir animes isekai e que procuram novos isekais'),(3,'Only mangá lovers','Clube para usuários que queiram conhecer novos mangás e para falar sobre novos lançamentos'),(4,'Gamers And otakus','Clube para gamers e otakus interagirem entre si'),(5,'Slice of life club','Clube para fãs de slice of life'),(6,'The later years','União de otakus velhos'),(7,'The Guys','Just me and the fellas'),(8,'Anisekai','Discover Amazin anime.Discuss Anime.'),(9,'The Gucci Mane Club','Post memes and gucci mane!!!!!'),(10,'BDO weebs','BDO players only!');
INSERT INTO ESTUDIO_DE_PUBLICACAO(CNPJ,nome,endereco) VALUES(604739,'Ufotable','84181-222'),(356259,'Studio Ghibli','86071-500'),(057544,'Toei Animation','83326-000'),(846736,'Madhouse','83502-210'),(759961,'Brain`s Base','83606-480'),(648111,'Bones','86031-818'),(242962,'Sunrise','69919-260'),(177941,'Tatsunoko Production','59146-470'),(956626,'Shaft','72860-607'),(564712,'MAPPA','21645-480');
INSERT INTO DESENHISTA(email,nome_completo,telefone_de_contato) VALUES('asuraD032@hotmail.com','Thiago Asura','90871425'),('SorachiHika@gmail.com','Hideaki Sorachi','96480451'),('hojoTsu0987@gmail.com','Tsukasa Hojo','87602936'),('MasakazuDNA@outlook.com', 'Masakazu Katsura','89546900'),('inoueDunk@gmail.com','Takehiko Inoue','98007681'),('noteTakata@yahoo.com','Takeshi Obata','89345671'),('toyDBz78@outlook.com','Akira Toriyama','99785430'),('ArakiJOJOba@gmail.com','Hirohiko Araki','97312877'),('Murata21@outlook.com','Yuusuke Murata','89317721'),('TerasawaCobra@hotmail.com','Buichi Terasawa','99787746');
INSERT INTO EQUIPE_DE_ANIMADORES(ID_da_equipe,nome_da_equipe,telefone_de_contato) VALUES (1,'BD team','30987241'), (2,'Anifun','35417892'),(3,'Animatoon','30179843'),(4,'Fun Animation','39314072'),(5,'Scream Animation','96415539'),(6,'VLT funimation','35212988'),(7,'Dmz ilustrations','30171421'),(8,'Allyance Animation','99345167'),(9,'Oxion Drawings','35214329'),(10,'Fun Stories Animes','84317701');
INSERT INTO DUBLADOR(email,nome_completo,telefone_de_contato) VALUES('nakamuYu@hotmail.com','Yūichi Nakamura','39965671'),('HiroKami@gamil.com','Hiroshi Kamiya','90563214'),('MiMamo@gmail.com','Mamoru Miyano','35211717'),('Kenshono@outlook.com','Kensho Ono','99663049'),('TakeJun@gmail.com','Junko Takeuchi','30148999'),('Makozawa@hotmail.com','Masako Nozawa','989896333'),('Mayutaka@gmail.com','Tanaka Mayumi','30212123'),('MaySukuza0893@outlook.com','Suzukaze Mayo','84316989'),('Ikuetani@yahoo.com','Otani Ikue','32659897'),('Maryse@hotmail.com','Ise Mariya','91163262');
INSERT INTO MANGAS(titulo,condicao,autor,manga_estdPubli) VALUES('Blue lock',2,'Muneyuki Kaneshiro', 846736),('Berserk',1,'Kentaro Miura',604739),('Grand Blue',2,'Kenji Inoue',759961),('Solo Leveling',3,'Chu-Chong',242962),('Tokyo Revengers',4,'Ken Wakui',177941),('One Piece',2,'Eiichiro Oda', 057544),('Shuumatsu no Valkyrie',5,'Shinya Umemura', 057544),('One Punch Man',2,'One',956626),('Blue Period',2,'Tsubasa Yamaguchi', 564712),('Kingdom',3,'Yasuhisa Hara', 564712);
INSERT INTO ANIMES(titulo,condicao,autor,anime_estdPubli) VALUES('Black Clover',1,'Yuki Tabata',356259), ('Hunter x Hunter',1,'Yoshihiro Togashi', 604739), ('Shingeki no Kyojin',5,'Hajime Isayama', 846736),('Haikyuu!!',1,'Haruichi Furudate', 648111),('86: Eighty Six',2,'Asato Asato',242962),('Sekai Saikou no Ansatsusha',2,'Rui Tsukiyo',956626),('Gleipnir',4,'Sun Takeda',564712),('Mob Psycho 100',4,'One', 177941),('Another',3,'Yukito Ayatsuki', 759961),('Amagi Brilliant Park',3,'Shoji Gato',057544);
INSERT INTO VOLUMES(numero_de_volumes,ano_de_publicacao,situacao,titulo_manga) VALUES(16, 2018, 1,'Blue Lock'), (41,1989,2,'Berserk'),(17, 2014, 1,'Grand Blue'),(14,2018,1,'Solo Leveling'),(25,2017,2,'Tokyo Revengers'),(100,1997,1,'One Piece'),(13,2017,2,'Shuumatsu no Valkyrie'),(24,2012,1,'One Punch Man'),(11,2017,1,'Blue Period'),(63,2006,2,'Kingdom');
INSERT INTO TEMPORADAS(numero_de_temporadas,ano_de_publicacao,situacao,titulo_anime) VALUES(1,2017,2,'Black Clover'),(1,2011,2,'Hunter x Hunter'),(4,2013,2,'Shingeki no Kyojin'),(5,2014,1,'Haikyuu!!'),(2,2021,1,'86: Eighty Six'),(1,2021,1,'Sekai Saikou no Ansatsusha'),(1,2020,2,'Gleipnir'),(2,2016,1,'Mob Psycho 100'),(1,2012,2,'Another'),(1,2014,2,'Amagi Brilliant Park');
INSERT INTO CAPITULOS(numero_de_capitulos,paginas_por_capitulo,capitulos_por_volume_aproximadamente,tituloManga,numero_volume) VALUES(140,27,9,'Blue Lock',16),(308,39,8,'Berserk',41),(53,31,4,'Grand Blue',17),(270,40,20,'Solo Leveling',14),(234,29,9,'Tokyo Revengers',25),(1005,37,10,'One Piece',100),(137,19,11,'Shuumatsu no Valkyrie',13),(143,34,6,'One Punch Man',24),(127,23,12,'Blue Period',11),(701,31,11,'Kingdom',63);
INSERT INTO EPISODIOS(numero_de_episodios,minutos_por_episodio,episodios_por_temporada_aproximadamente,titulo_anime,temporadas) VALUES(177,24,177,'Black Clover',1),(144,21,144,'Hunter x Hunter',1),(87,23,22,'Shingeki no Kyojin',4),(85,25,17,'Haikyuu!!',5),(33,21,12,'86: Eighty Six',2),(12,45,12,'Sekai Saikou no Ansatsusha',1),(13,23,13,'Gleipnir',1),(25,50,13,'Mob Psycho 100',2),(12,9,12,'Another',1),(117,17,117,'Amagi Brilliant Park',1);

INSERT INTO USUARIO_PARTICIPA_DE_CLUBES(nick_usuario,ID_clube) VALUES ('Diow Mizuk',2),('Diow Mizuk',4),('Diow Mizuk',7),('Riku Sennin',7),('Mares',1),('Paralyzer',7),('YoukatsuReyna',10),('YoukatsuReyna',9),('Riku Sennin',10),('Paralyzer',10),('Portellas',4),('Mythow1',8);
INSERT INTO USUARIO_ASSISTE_ANIMES(nick_usuario,titulo_anime) VALUES ('Diow Mizuk','Hunter x Hunter'),('Riku Sennin','86: Eighty Six'),('Mythow1','86: Eighty Six'),('Paralyzer','Black Clover'),('Mares','Haikyuu!!'),('Lett','Sekai Saikou no Ansatsusha'),('TheYatogami','Amagi Brilliant Park'),('Slytherinz','Mob Psycho 100'),('Diow Mizuk','Black Clover'),('YoukatsuReyna','Another');
INSERT INTO USUARIO_LE_MANGAS(nick_usuario,titulo_manga) VALUES ('Mythow1','Grand Blue'),('Portellas','One Piece'),('Riku Sennin','One Piece'),('Riku Sennin','One Punch Man'),('Slytherinz','Berserk'),('Lett','Blue Lock'),('Mythow1','Solo Leveling'),('Diow Mizuk','Tokyo Revengers'),('Diow Mizuk','Berserk'),('Portellas','Kingdom');
INSERT INTO ESTUDIO_PUBLICACAO_TEM_DESENHISTA(CNPJ_estudio,email_desenhista) VALUES (356259,'asuraD032@hotmail.com'),(057544,'hojoTsu0987@gmail.com'),(759961,'asuraD032@hotmail.com'),(057544,'MasakazuDNA@outlook.com'),(564712,'TerasawaCobra@hotmail.com'),(177941,'inoueDunk@gmail.com'),(604739,'toyDBz78@outlook.com'),(242962,'ArakiJOJOba@gmail.com'),(956626,'noteTakata@yahoo.com'),(177941,'Murata21@outlook.com');
INSERT INTO ESTUDIOPUBLI_EQUIPEANIMADORES(CNPJ_estudio,ID_equipe) VALUES (242962,9),(177941,3),(242962,2),(759961,6),(648111,9),(956626,10),(57544,7),(604739,2),(356259,1),(57544,5);
INSERT INTO ESTUDIOPUBLI_DUBLADORES (CNPJ_estudio,email_dublador) VALUES (648111,'MaySukuza0893@outlook.com'),(846736,'TakeJun@gmail.com'),(57544,'nakamuYu@hotmail.com'),(564712,'Kenshono@outlook.com'),(846736,'Mayutaka@gmail.com'),(177941,'MiMamo@gmail.com'),(242962,'HiroKami@gamil.com'),(604739,'Ikuetani@yahoo.com'),(177941,'Mayutaka@gmail.com'),(759961,'Makozawa@hotmail.com');